Date,"Formula One"
2015-07-01,3444
2015-07-02,3698
2015-07-03,3674
2015-07-04,5420
2015-07-05,10505
2015-07-06,5608
2015-07-07,3854
2015-07-08,3316
2015-07-09,3022
2015-07-10,3181
2015-07-11,2936
2015-07-12,3431
2015-07-13,3300
2015-07-14,3236
2015-07-15,2749
2015-07-16,2564
2015-07-17,2653
2015-07-18,8928
2015-07-19,7175
2015-07-20,6900
2015-07-21,5789
2015-07-22,5216
2015-07-23,4660
2015-07-24,5134
2015-07-25,6587
2015-07-26,12175
2015-07-27,7034
2015-07-28,3832
2015-07-29,3527
2015-07-30,3098
2015-07-31,3230
2015-08-01,2818
2015-08-02,3146
2015-08-03,2770
2015-08-04,2784
2015-08-05,2607
2015-08-06,2474
2015-08-07,2779
2015-08-08,2620
2015-08-09,2830
2015-08-10,2722
2015-08-11,2628
2015-08-12,2612
2015-08-13,2555
2015-08-14,2486
2015-08-15,2329
2015-08-16,2717
2015-08-17,2854
2015-08-18,2618
2015-08-19,2701
2015-08-20,2917
2015-08-21,3355
2015-08-22,4460
2015-08-23,7860
2015-08-24,5078
2015-08-25,4519
2015-08-26,3220
2015-08-27,2989
2015-08-28,2664
2015-08-29,2522
2015-08-30,3057
2015-08-31,3067
2015-09-01,2634
2015-09-02,2664
2015-09-03,2773
2015-09-04,3111
2015-09-05,4300
2015-09-06,8793
2015-09-07,5342
2015-09-08,4121
2015-09-09,5437
2015-09-10,5553
2015-09-11,5099
2015-09-12,4908
2015-09-13,5268
2015-09-14,5087
2015-09-15,5024
2015-09-16,3391
2015-09-17,3227
2015-09-18,3812
2015-09-19,5062
2015-09-20,11207
2015-09-21,6369
2015-09-22,4121
2015-09-23,3515
2015-09-24,3337
2015-09-25,3487
2015-09-26,4187
2015-09-27,8643
2015-09-28,5017
2015-09-29,4065
2015-09-30,3559
2015-10-01,3333
2015-10-02,2959
2015-10-03,2815
2015-10-04,3053
2015-10-05,3029
2015-10-06,3399
2015-10-07,3531
2015-10-08,3121
2015-10-09,3207
2015-10-10,4462
2015-10-11,9501
2015-10-12,5676
2015-10-13,3951
2015-10-14,3622
2015-10-15,3231
2015-10-16,3071
2015-10-17,3007
2015-10-18,3197
2015-10-19,3109
2015-10-20,3069
2015-10-21,3123
2015-10-22,3064
2015-10-23,3687
2015-10-24,4620
2015-10-25,11515
2015-10-26,12503
2015-10-27,6674
2015-10-28,5127
2015-10-29,4739
2015-10-30,4829
2015-10-31,5326
2015-11-01,9268
2015-11-02,6132
2015-11-03,3919
2015-11-04,3994
2015-11-05,5905
2015-11-06,3379
2015-11-07,2934
2015-11-08,3736
2015-11-09,10664
2015-11-10,3180
2015-11-11,2893
2015-11-12,3370
2015-11-13,3248
2015-11-14,3746
2015-11-15,6617
2015-11-16,4342
2015-11-17,3183
2015-11-18,2939
2015-11-19,2950
2015-11-20,2560
2015-11-21,2606
2015-11-22,3142
2015-11-23,2991
2015-11-24,2835
2015-11-25,2936
2015-11-26,2812
2015-11-27,3251
2015-11-28,4238
2015-11-29,7746
2015-11-30,5206
2015-12-01,3668
2015-12-02,3426
2015-12-03,3418
2015-12-04,3245
2015-12-05,2559
2015-12-06,2890
2015-12-07,2923
2015-12-08,2790
2015-12-09,2774
2015-12-10,2696
2015-12-11,2559
2015-12-12,2383
2015-12-13,2600
2015-12-14,3823
2015-12-15,2881
2015-12-16,2771
2015-12-17,2582
2015-12-18,2121
2015-12-19,2022
2015-12-20,2910
2015-12-21,3687
2015-12-22,2483
2015-12-23,2136
2015-12-24,2000
2015-12-25,2005
2015-12-26,2135
2015-12-27,2239
2015-12-28,2514
2015-12-29,2425
2015-12-30,2242
2015-12-31,2027
2016-01-01,2079
2016-01-02,2228
2016-01-03,2239
2016-01-04,2498
2016-01-05,2554
2016-01-06,2313
2016-01-07,2216
2016-01-08,2074
2016-01-09,2311
2016-01-10,2356
2016-01-11,2563
2016-01-12,2476
2016-01-13,2513
2016-01-14,2505
2016-01-15,2582
2016-01-16,2298
2016-01-17,2415
2016-01-18,3267
2016-01-19,2751
2016-01-20,2990
2016-01-21,2798
2016-01-22,2427
2016-01-23,2309
2016-01-24,2485
2016-01-25,2655
2016-01-26,2586
2016-01-27,2511
2016-01-28,2473
2016-01-29,2549
2016-01-30,2442
2016-01-31,2731
2016-02-01,2794
2016-02-02,2906
2016-02-03,3172
2016-02-04,3502
2016-02-05,2811
2016-02-06,2565
2016-02-07,2673
2016-02-08,2852
2016-02-09,2732
2016-02-10,2906
2016-02-11,2949
2016-02-12,2745
2016-02-13,2513
2016-02-14,2536
2016-02-15,2984
2016-02-16,2995
2016-02-17,2941
2016-02-18,4655
2016-02-19,4478
2016-02-20,3489
2016-02-21,4431
2016-02-22,4917
2016-02-23,4198
2016-02-24,4255
2016-02-25,3883
2016-02-26,3208
2016-02-27,2899
2016-02-28,3745
2016-02-29,3113
2016-03-01,3173
2016-03-02,3151
2016-03-03,3060
2016-03-04,3109
2016-03-05,2935
2016-03-06,2990
2016-03-07,3382
2016-03-08,3149
2016-03-09,3213
2016-03-10,3336
2016-03-11,3132
2016-03-12,3074
2016-03-13,3871
2016-03-14,3730
2016-03-15,3795
2016-03-16,3715
2016-03-17,4273
2016-03-18,5428
2016-03-19,8065
2016-03-20,15281
2016-03-21,6466
2016-03-22,4723
2016-03-23,3587
2016-03-24,3432
2016-03-25,3105
2016-03-26,2832
2016-03-27,3120
2016-03-28,3403
2016-03-29,3258
2016-03-30,3200
2016-03-31,3508
2016-04-01,3780
2016-04-02,5447
2016-04-03,10595
2016-04-04,6206
2016-04-05,4270
2016-04-06,3539
2016-04-07,3353
2016-04-08,3210
2016-04-09,3147
2016-04-10,3437
2016-04-11,3329
2016-04-12,3055
2016-04-13,2969
2016-04-14,3169
2016-04-15,3321
2016-04-16,4406
2016-04-17,8520
2016-04-18,4698
2016-04-19,3516
2016-04-20,3431
2016-04-21,3178
2016-04-22,2866
2016-04-23,2836
2016-04-24,3420
2016-04-25,3030
2016-04-26,2872
2016-04-27,2795
2016-04-28,2708
2016-04-29,3025
2016-04-30,3795
2016-05-01,8276
2016-05-02,4951
2016-05-03,3707
2016-05-04,3833
2016-05-05,4153
2016-05-06,2971
2016-05-07,2719
2016-05-08,3003
2016-05-09,3339
2016-05-10,3109
2016-05-11,2945
2016-05-12,3038
2016-05-13,3493
2016-05-14,4695
2016-05-15,11764
2016-05-16,6972
2016-05-17,8916
2016-05-18,7003
2016-05-19,5898
2016-05-20,4977
2016-05-21,4723
2016-05-22,5197
2016-05-23,4439
2016-05-24,3505
2016-05-25,3336
2016-05-26,3968
2016-05-27,3721
2016-05-28,5037
2016-05-29,14609
2016-05-30,7455
2016-05-31,4629
2016-06-01,3752
2016-06-02,3612
2016-06-03,3193
2016-06-04,3838
2016-06-05,3885
2016-06-06,3629
2016-06-07,3356
2016-06-08,3056
2016-06-09,3162
2016-06-10,3317
2016-06-11,4301
2016-06-12,7843
2016-06-13,5980
2016-06-14,4377
2016-06-15,3504
2016-06-16,4087
2016-06-17,4267
2016-06-18,4668
2016-06-19,9371
2016-06-20,4891
2016-06-21,4244
2016-06-22,3261
2016-06-23,3871
2016-06-24,3276
2016-06-25,2451
2016-06-26,3335
2016-06-27,3552
2016-06-28,3247
2016-06-29,2803
2016-06-30,2747
2016-07-01,2956
2016-07-02,3882
2016-07-03,8275
2016-07-04,5247
2016-07-05,3913
2016-07-06,3295
2016-07-07,3416
2016-07-08,3933
2016-07-09,4778
2016-07-10,10016
2016-07-11,5250
2016-07-12,3612
2016-07-13,3019
2016-07-14,2823
2016-07-15,2696
2016-07-16,2380
2016-07-17,3067
2016-07-18,2818
2016-07-19,2813
2016-07-20,2702
2016-07-21,2666
2016-07-22,2842
2016-07-23,3736
2016-07-24,8122
2016-07-25,4403
2016-07-26,4094
2016-07-27,3255
2016-07-28,3238
2016-07-29,3590
2016-07-30,4611
2016-07-31,8836
2016-08-01,5501
2016-08-02,3469
2016-08-03,3092
2016-08-04,2608
2016-08-05,2549
2016-08-06,2318
2016-08-07,2554
2016-08-08,2484
2016-08-09,2203
2016-08-10,2338
2016-08-11,2227
2016-08-12,1945
2016-08-13,1866
2016-08-14,2450
2016-08-15,2315
2016-08-16,2171
2016-08-17,2122
2016-08-18,2208
2016-08-19,2148
2016-08-20,2073
2016-08-21,2628
2016-08-22,2591
2016-08-23,2564
2016-08-24,2378
2016-08-25,2676
2016-08-26,2856
2016-08-27,3519
2016-08-28,7685
2016-08-29,4530
2016-08-30,3235
2016-08-31,2912
2016-09-01,3263
2016-09-02,3581
2016-09-03,5167
2016-09-04,8859
2016-09-05,5237
2016-09-06,4123
2016-09-07,4277
2016-09-08,6958
2016-09-09,4131
2016-09-10,3314
2016-09-11,3310
2016-09-12,3259
2016-09-13,2833
2016-09-14,2951
2016-09-15,3097
2016-09-16,3429
2016-09-17,4680
2016-09-18,9128
2016-09-19,5536
2016-09-20,3650
2016-09-21,3145
2016-09-22,3398
2016-09-23,2737
2016-09-24,2493
2016-09-25,2911
2016-09-26,2812
2016-09-27,2614
2016-09-28,2556
2016-09-29,2920
2016-09-30,3182
2016-10-01,3591
2016-10-02,7446
2016-10-03,4334
2016-10-04,3500
2016-10-05,3136
2016-10-06,2939
2016-10-07,2933
2016-10-08,3931
2016-10-09,8092
2016-10-10,4225
2016-10-11,3103
2016-10-12,2817
2016-10-13,2698
2016-10-14,2763
2016-10-15,2475
2016-10-16,3089
2016-10-17,3112
2016-10-18,2771
2016-10-19,2791
2016-10-20,2839
2016-10-21,3333
2016-10-22,4273
2016-10-23,8236
2016-10-24,6080
2016-10-25,3842
2016-10-26,3218
2016-10-27,3244
2016-10-28,3384
2016-10-29,4096
2016-10-30,9180
2016-10-31,7005
2016-11-01,4120
2016-11-02,3600
2016-11-03,3771
2016-11-04,3413
2016-11-05,3000
2016-11-06,3047
2016-11-07,2946
2016-11-08,2678
2016-11-09,2365
2016-11-10,2832
2016-11-11,3023
2016-11-12,4214
2016-11-13,12246
2016-11-14,7552
2016-11-15,4894
2016-11-16,3773
2016-11-17,3588
2016-11-18,3394
2016-11-19,3232
2016-11-20,3927
2016-11-21,3871
2016-11-22,3972
2016-11-23,3608
2016-11-24,3906
2016-11-25,4396
2016-11-26,5480
2016-11-27,20238
2016-11-28,11725
2016-11-29,5886
2016-11-30,4820
2016-12-01,4219
2016-12-02,10261
2016-12-03,6336
2016-12-04,4448
2016-12-05,4981
2016-12-06,4749
2016-12-07,3841
2016-12-08,3221
2016-12-09,2915
2016-12-10,2709
2016-12-11,3463
2016-12-12,3066
2016-12-13,2796
2016-12-14,2650
2016-12-15,3015
2016-12-16,2887
2016-12-17,2734
2016-12-18,2903
2016-12-19,2743
2016-12-20,2738
2016-12-21,2766
2016-12-22,2611
2016-12-23,2381
2016-12-24,2164
2016-12-25,2182
2016-12-26,2587
2016-12-27,2901
2016-12-28,2501
2016-12-29,2570
2016-12-30,2576
2016-12-31,2089
2017-01-01,2465
2017-01-02,3033
2017-01-03,3013
2017-01-04,2695
2017-01-05,2657
2017-01-06,2922
2017-01-07,2964
2017-01-08,2586
2017-01-09,2716
2017-01-10,2854
2017-01-11,2584
2017-01-12,2637
2017-01-13,2426
2017-01-14,2176
2017-01-15,2526
2017-01-16,3526
2017-01-17,3204
2017-01-18,3053
2017-01-19,2740
2017-01-20,2509
2017-01-21,2370
2017-01-22,2606
2017-01-23,11465
2017-01-24,7575
2017-01-25,4061
2017-01-26,2992
2017-01-27,3619
2017-01-28,2901
2017-01-29,3124
2017-01-30,2970
2017-01-31,2666
2017-02-01,2714
2017-02-02,2805
2017-02-03,2799
2017-02-04,2470
2017-02-05,2568
2017-02-06,2913
2017-02-07,3006
2017-02-08,2717
2017-02-09,2635
2017-02-10,2771
2017-02-11,2628
2017-02-12,2606
2017-02-13,2774
2017-02-14,3180
2017-02-15,2651
2017-02-16,2749
2017-02-17,2710
2017-02-18,2708
2017-02-19,2888
2017-02-20,3128
2017-02-21,3218
2017-02-22,3413
2017-02-23,3380
2017-02-24,3658
2017-02-25,3133
2017-02-26,3846
2017-02-27,4053
2017-02-28,3997
2017-03-01,3614
2017-03-02,3434
2017-03-03,2998
2017-03-04,7881
2017-03-05,3395
2017-03-06,3401
2017-03-07,3257
2017-03-08,3221
2017-03-09,3333
2017-03-10,3727
2017-03-11,3192
2017-03-12,3689
2017-03-13,3702
2017-03-14,3618
2017-03-15,3166
2017-03-16,3320
2017-03-17,3204
2017-03-18,3187
2017-03-19,3796
2017-03-20,4084
2017-03-21,4160
2017-03-22,4105
2017-03-23,4620
2017-03-24,5722
2017-03-25,8587
2017-03-26,15472
2017-03-27,6924
2017-03-28,4387
2017-03-29,3604
2017-03-30,3439
2017-03-31,3122
2017-04-01,3104
2017-04-02,3359
2017-04-03,3256
2017-04-04,3128
2017-04-05,3180
2017-04-06,3215
2017-04-07,4018
2017-04-08,5156
2017-04-09,9327
2017-04-10,5208
2017-04-11,3743
2017-04-12,4217
2017-04-13,3908
2017-04-14,4330
2017-04-15,5557
2017-04-16,11066
2017-04-17,6710
2017-04-18,4819
2017-04-19,4031
2017-04-20,3920
2017-04-21,3420
2017-04-22,3043
2017-04-23,3663
2017-04-24,3833
2017-04-25,3379
2017-04-26,3195
2017-04-27,3111
2017-04-28,3332
2017-04-29,4466
2017-04-30,9608
2017-05-01,6882
2017-05-02,4219
2017-05-03,3648
2017-05-04,3399
2017-05-05,3242
2017-05-06,2970
2017-05-07,3607
2017-05-08,3441
2017-05-09,2974
2017-05-10,2639
2017-05-11,2963
2017-05-12,3700
2017-05-13,4666
2017-05-14,8422
2017-05-15,5038
2017-05-16,3767
2017-05-17,3492
2017-05-18,3428
2017-05-19,3063
2017-05-20,3209
2017-05-21,8780
2017-05-22,3981
2017-05-23,3318
2017-05-24,3138
2017-05-25,3638
2017-05-26,3473
2017-05-27,5609
2017-05-28,17244
2017-05-29,9203
2017-05-30,5367
2017-05-31,4047
2017-06-01,3436
2017-06-02,3427
2017-06-03,3540
2017-06-04,4135
2017-06-05,3417
2017-06-06,3254
2017-06-07,3029
2017-06-08,3061
2017-06-09,3394
2017-06-10,4831
2017-06-11,10623
2017-06-12,6706
2017-06-13,4132
2017-06-14,3427
2017-06-15,3190
2017-06-16,2892
2017-06-17,2992
2017-06-18,3583
2017-06-19,3380
2017-06-20,3068
2017-06-21,2917
2017-06-22,2987
2017-06-23,3305
2017-06-24,4695
2017-06-25,11035
2017-06-26,7062
2017-06-27,4327
2017-06-28,3538
2017-06-29,3365
2017-06-30,3089
2017-07-01,2873
2017-07-02,3522
2017-07-03,3193
2017-07-04,2869
2017-07-05,2789
2017-07-06,2770
2017-07-07,3290
2017-07-08,4014
2017-07-09,8334
2017-07-10,4756
2017-07-11,3797
2017-07-12,3802
2017-07-13,3554
2017-07-14,3881
2017-07-15,5206
2017-07-16,10691
2017-07-17,5744
2017-07-18,4064
2017-07-19,3392
2017-07-20,3124
2017-07-21,2842
2017-07-22,2625
2017-07-23,3113
2017-07-24,2982
2017-07-25,2822
2017-07-26,2774
2017-07-27,2813
2017-07-28,3144
2017-07-29,4373
2017-07-30,8901
2017-07-31,5437
2017-08-01,3675
2017-08-02,3276
2017-08-03,2933
2017-08-04,2503
2017-08-05,2361
2017-08-06,2852
2017-08-07,2466
2017-08-08,2615
2017-08-09,2743
2017-08-10,2406
2017-08-11,2424
2017-08-12,2183
2017-08-13,2480
2017-08-14,2371
2017-08-15,2302
2017-08-16,2453
2017-08-17,2237
2017-08-18,2393
2017-08-19,2656
2017-08-20,2736
2017-08-21,2540
2017-08-22,2728
2017-08-23,2672
2017-08-24,2521
2017-08-25,2856
2017-08-26,4073
2017-08-27,7367
2017-08-28,4468
2017-08-29,3282
2017-08-30,4218
2017-08-31,2975
2017-09-01,3140
2017-09-02,5463
2017-09-03,9756
2017-09-04,4944
2017-09-05,3479
2017-09-06,3019
2017-09-07,2922
2017-09-08,2778
2017-09-09,2798
2017-09-10,3210
2017-09-11,3099
2017-09-12,3015
2017-09-13,3234
2017-09-14,3183
2017-09-15,4365
2017-09-16,5324
2017-09-17,12113
2017-09-18,7049
2017-09-19,4429
2017-09-20,3672
2017-09-21,3525
2017-09-22,3216
2017-09-23,3193
2017-09-24,3561
2017-09-25,3419
2017-09-26,3361
2017-09-27,3211
2017-09-28,3169
2017-09-29,3342
2017-09-30,4604
2017-10-01,9019
2017-10-02,5088
2017-10-03,3515
2017-10-04,3564
2017-10-05,3431
2017-10-06,3657
2017-10-07,4873
2017-10-08,10233
2017-10-09,4904
2017-10-10,3776
2017-10-11,3233
2017-10-12,3955
2017-10-13,3753
2017-10-14,3997
2017-10-15,3294
2017-10-16,3447
2017-10-17,3221
2017-10-18,3107
2017-10-19,3250
2017-10-20,3989
2017-10-21,5496
2017-10-22,11176
2017-10-23,8501
2017-10-24,4475
2017-10-25,3913
2017-10-26,3907
2017-10-27,3937
2017-10-28,4857
2017-10-29,13492
2017-10-30,12035
2017-10-31,5186
2017-11-01,4046
2017-11-02,4371
2017-11-03,4140
2017-11-04,3875
2017-11-05,3873
2017-11-06,3739
2017-11-07,3590
2017-11-08,3346
2017-11-09,3306
2017-11-10,3553
2017-11-11,4397
2017-11-12,7945
2017-11-13,5807
2017-11-14,4140
2017-11-15,3950
2017-11-16,3569
2017-11-17,3220
2017-11-18,3380
2017-11-19,3747
2017-11-20,3554
2017-11-21,3307
2017-11-22,3163
2017-11-23,3145
2017-11-24,3565
2017-11-25,4426
2017-11-26,12143
2017-11-27,8642
2017-11-28,5405
2017-11-29,4967
2017-11-30,4041
2017-12-01,3279
2017-12-02,3701
2017-12-03,3837
2017-12-04,3367
2017-12-05,3351
2017-12-06,2914
2017-12-07,2999
2017-12-08,2614
2017-12-09,2533
2017-12-10,2647
2017-12-11,2807
2017-12-12,2693
2017-12-13,2476
2017-12-14,2585
2017-12-15,2427
2017-12-16,2288
2017-12-17,2763
2017-12-18,2571
2017-12-19,2663
2017-12-20,2311
2017-12-21,2192
2017-12-22,2086
2017-12-23,1899
2017-12-24,1967
2017-12-25,2094
2017-12-26,2322
2017-12-27,2485
2017-12-28,2457
2017-12-29,2240
2017-12-30,2365
2017-12-31,2188
2018-01-01,2480
2018-01-02,2644
2018-01-03,2612
2018-01-04,2690
2018-01-05,2648
2018-01-06,2395
2018-01-07,2463
2018-01-08,2689
2018-01-09,2477
2018-01-10,2754
2018-01-11,2693
2018-01-12,2500
2018-01-13,2622
2018-01-14,2712
2018-01-15,3071
2018-01-16,3324
2018-01-17,2782
2018-01-18,2701
2018-01-19,2620
2018-01-20,2455
2018-01-21,3380
2018-01-22,2764
2018-01-23,2747
2018-01-24,2619
2018-01-25,2648
2018-01-26,2408
2018-01-27,2498
2018-01-28,2730
2018-01-29,2753
2018-01-30,2778
2018-01-31,3556
2018-02-01,3484
2018-02-02,3207
2018-02-03,2764
2018-02-04,2776
2018-02-05,3139
2018-02-06,2865
2018-02-07,2913
2018-02-08,2906
2018-02-09,2618
2018-02-10,2527
2018-02-11,3029
2018-02-12,2869
2018-02-13,2945
2018-02-14,2814
2018-02-15,2851
2018-02-16,2860
2018-02-17,2719
2018-02-18,3198
2018-02-19,3554
2018-02-20,3566
2018-02-21,3458
2018-02-22,3765
2018-02-23,3486
2018-02-24,3163
2018-02-25,3318
2018-02-26,4303
2018-02-27,4070
2018-02-28,3700
2018-03-01,3449
2018-03-02,2967
2018-03-03,3140
2018-03-04,3301
2018-03-05,3256
2018-03-06,3590
2018-03-07,3493
2018-03-08,3471
2018-03-09,3642
2018-03-10,3133
2018-03-11,3770
2018-03-12,3302
2018-03-13,5346
2018-03-14,3142
2018-03-15,3060
2018-03-16,3018
2018-03-17,3094
2018-03-18,3708
2018-03-19,4194
2018-03-20,4477
2018-03-21,4162
2018-03-22,4909
2018-03-23,5636
2018-03-24,8372
2018-03-25,14135
2018-03-26,6838
2018-03-27,4560
2018-03-28,4044
2018-03-29,3828
2018-03-30,3495
2018-03-31,3343
2018-04-01,3571
2018-04-02,3670
2018-04-03,3370
2018-04-04,10196
2018-04-05,3628
2018-04-06,4028
2018-04-07,5820
2018-04-08,12363
2018-04-09,8210
2018-04-10,4953
2018-04-11,4183
2018-04-12,4161
2018-04-13,4083
2018-04-14,6105
2018-04-15,11963
2018-04-16,6119
2018-04-17,4478
2018-04-18,3849
2018-04-19,3292
2018-04-20,3404
2018-04-21,3197
2018-04-22,3679
2018-04-23,3508
2018-04-24,3435
2018-04-25,3304
2018-04-26,3100
2018-04-27,3526
2018-04-28,4994
2018-04-29,12032
2018-04-30,7277
2018-05-01,5330
2018-05-02,4497
2018-05-03,3826
2018-05-04,3252
2018-05-05,3280
2018-05-06,3618
2018-05-07,3427
2018-05-08,3652
2018-05-09,3295
2018-05-10,3407
2018-05-11,3893
2018-05-12,5074
2018-05-13,9445
2018-05-14,5969
2018-05-15,3971
2018-05-16,3681
2018-05-17,3358
2018-05-18,3261
2018-05-19,3005
2018-05-20,3442
2018-05-21,3519
2018-05-22,3505
2018-05-23,3342
2018-05-24,3826
2018-05-25,3852
2018-05-26,5450
2018-05-27,15756
2018-05-28,7397
2018-05-29,5134
2018-05-30,3627
2018-05-31,3512
2018-06-01,3346
2018-06-02,3270
2018-06-03,3745
2018-06-04,3721
2018-06-05,3228
2018-06-06,3226
2018-06-07,3154
2018-06-08,3578
2018-06-09,4826
2018-06-10,11538
2018-06-11,8019
2018-06-12,3945
2018-06-13,3616
2018-06-14,3224
2018-06-15,2876
2018-06-16,3043
2018-06-17,3882
2018-06-18,3399
2018-06-19,3520
2018-06-20,3190
2018-06-21,3070
2018-06-22,3517
2018-06-23,4487
2018-06-24,8193
2018-06-25,5448
2018-06-26,3534
2018-06-27,3174
2018-06-28,3183
2018-06-29,3673
2018-06-30,4316
2018-07-01,8607
2018-07-02,5536
2018-07-03,3581
2018-07-04,3521
2018-07-05,3644
2018-07-06,3817
2018-07-07,4771
2018-07-08,12008
2018-07-09,6669
2018-07-10,4906
2018-07-11,4030
2018-07-12,3839
2018-07-13,3499
2018-07-14,3618
2018-07-15,3913
2018-07-16,3572
2018-07-17,3360
2018-07-18,3334
2018-07-19,3754
2018-07-20,3768
2018-07-21,5306
2018-07-22,10727
2018-07-23,6855
2018-07-24,4571
2018-07-25,4000
2018-07-26,3511
2018-07-27,3898
2018-07-28,10118
2018-07-29,12062
2018-07-30,6971
2018-07-31,4353
2018-08-01,3776
2018-08-02,3991
2018-08-03,5016
2018-08-04,3817
2018-08-05,3761
2018-08-06,3732
2018-08-07,3278
2018-08-08,3279
2018-08-09,3084
2018-08-10,2999
2018-08-11,2788
2018-08-12,3366
2018-08-13,3082
2018-08-14,3869
2018-08-15,3726
2018-08-16,3791
2018-08-17,3343
2018-08-18,2955
2018-08-19,3418
2018-08-20,3608
2018-08-21,3641
2018-08-22,3375
2018-08-23,4214
2018-08-24,5067
2018-08-25,5302
2018-08-26,10726
2018-08-27,6598
2018-08-28,4747
2018-08-29,4511
2018-08-30,4699
2018-08-31,5055
2018-09-01,6140
2018-09-02,11532
2018-09-03,10096
2018-09-04,5423
2018-09-05,4453
2018-09-06,4112
2018-09-07,3798
2018-09-08,3644
2018-09-09,3867
2018-09-10,4219
2018-09-11,6053
2018-09-12,4392
2018-09-13,4008
2018-09-14,4791
2018-09-15,6131
2018-09-16,13295
2018-09-17,7473
2018-09-18,4430
2018-09-19,3852
2018-09-20,3895
2018-09-21,3558
2018-09-22,3472
2018-09-23,3742
2018-09-24,3597
2018-09-25,3860
2018-09-26,3558
2018-09-27,3507
2018-09-28,4070
2018-09-29,4469
2018-09-30,8842
2018-10-01,5491
2018-10-02,3959
2018-10-03,3699
2018-10-04,3740
2018-10-05,4138
2018-10-06,5775
2018-10-07,10212
2018-10-08,5417
2018-10-09,4221
2018-10-10,3654
2018-10-11,3399
2018-10-12,4125
2018-10-13,3847
2018-10-14,4070
2018-10-15,3698
2018-10-16,3624
2018-10-17,3485
2018-10-18,3932
2018-10-19,5367
2018-10-20,6071
2018-10-21,13737
2018-10-22,9503
2018-10-23,5101
2018-10-24,4193
2018-10-25,3852
2018-10-26,4657
2018-10-27,5393
2018-10-28,14711
2018-10-29,12914
2018-10-30,5883
2018-10-31,4592
2018-11-01,4209
2018-11-02,4071
2018-11-03,3563
2018-11-04,4297
2018-11-05,3722
2018-11-06,3547
2018-11-07,4763
2018-11-08,4117
2018-11-09,3975
2018-11-10,4868
2018-11-11,8447
2018-11-12,6891
2018-11-13,4544
2018-11-14,4790
2018-11-15,3924
2018-11-16,4559
2018-11-17,3409
2018-11-18,5274
2018-11-19,5098
2018-11-20,4467
2018-11-21,4734
2018-11-22,5144
2018-11-23,4768
2018-11-24,5492
2018-11-25,11791
2018-11-26,8893
2018-11-27,6942
2018-11-28,5352
2018-11-29,4661
2018-11-30,4329
2018-12-01,3972
2018-12-02,4132
2018-12-03,3799
2018-12-04,3361
2018-12-05,3357
2018-12-06,3691
2018-12-07,3244
2018-12-08,3569
2018-12-09,3192
2018-12-10,3262
2018-12-11,2945
2018-12-12,3367
2018-12-13,3249
2018-12-14,3151
2018-12-15,3175
2018-12-16,3513
2018-12-17,3666
2018-12-18,3358
2018-12-19,3181
2018-12-20,2755
2018-12-21,2923
2018-12-22,2619
2018-12-23,2719
2018-12-24,2740
2018-12-25,2808
2018-12-26,2849
2018-12-27,2945
2018-12-28,2998
2018-12-29,2903
2018-12-30,2917
2018-12-31,3063
2019-01-01,2909
2019-01-02,3941
2019-01-03,4548
2019-01-04,3569
2019-01-05,3182
2019-01-06,3448
2019-01-07,3740
2019-01-08,3423
2019-01-09,3161
2019-01-10,3290
2019-01-11,3349
2019-01-12,3187
2019-01-13,3839
2019-01-14,3738
2019-01-15,3277
2019-01-16,3395
2019-01-17,3317
2019-01-18,3062
2019-01-19,2434
2019-01-20,2648
2019-01-21,2759
2019-01-22,2645
2019-01-23,2650
2019-01-24,2606
2019-01-25,2474
2019-01-26,3222
2019-01-27,2949
2019-01-28,2794
2019-01-29,2576
2019-01-30,3197
2019-01-31,2637
2019-02-01,3222
2019-02-02,2835
2019-02-03,2862
2019-02-04,2859
2019-02-05,3093
2019-02-06,2900
2019-02-07,3718
2019-02-08,3509
2019-02-09,3408
2019-02-10,3495
2019-02-11,3734
2019-02-12,3547
2019-02-13,4091
2019-02-14,4513
2019-02-15,4559
2019-02-16,5149
2019-02-17,4030
2019-02-18,4933
2019-02-19,4478
2019-02-20,4305
2019-02-21,3839
2019-02-22,3520
2019-02-23,2995
2019-02-24,3161
2019-02-25,3188
2019-02-26,3028
2019-02-27,2944
2019-02-28,3274
2019-03-01,3310
2019-03-02,3001
2019-03-03,3205
2019-03-04,3271
2019-03-05,3191
2019-03-06,3258
2019-03-07,3186
2019-03-08,5108
2019-03-09,11592
2019-03-10,16088
2019-03-11,14015
2019-03-12,12292
2019-03-13,11240
2019-03-14,12536
2019-03-15,11728
2019-03-16,15283
2019-03-17,21222
2019-03-18,11832
2019-03-19,8941
2019-03-20,8147
2019-03-21,7345
2019-03-22,6379
2019-03-23,6825
2019-03-24,9278
2019-03-25,7378
2019-03-26,6821
2019-03-27,6330
2019-03-28,5972
2019-03-29,6408
2019-03-30,9784
2019-03-31,17106
2019-04-01,10466
2019-04-02,8282
2019-04-03,7210
2019-04-04,5730
2019-04-05,5655
2019-04-06,5693
2019-04-07,6258
2019-04-08,7511
2019-04-09,5489
2019-04-10,5629
2019-04-11,5616
2019-04-12,6912
2019-04-13,8631
2019-04-14,16321
2019-04-15,7519
2019-04-16,5078
2019-04-17,4417
2019-04-18,4138
2019-04-19,4109
2019-04-20,4130
2019-04-21,4447
2019-04-22,4096
2019-04-23,4190
2019-04-24,3947
2019-04-25,4062
2019-04-26,4489
2019-04-27,6611
2019-04-28,11871
2019-04-29,6521
2019-04-30,4724
2019-05-01,5994
2019-05-02,4463
2019-05-03,4036
2019-05-04,3992
2019-05-05,4131
2019-05-06,3949
2019-05-07,3620
2019-05-08,3776
2019-05-09,3787
2019-05-10,4516
2019-05-11,6106
2019-05-12,10886
2019-05-13,6933
2019-05-14,5750
2019-05-15,4110
2019-05-16,4038
2019-05-17,3455
2019-05-18,3322
2019-05-19,4257
2019-05-20,3838
2019-05-21,9539
2019-05-22,5836
2019-05-23,5516
2019-05-24,5382
2019-05-25,7198
2019-05-26,17099
2019-05-27,8848
2019-05-28,6060
2019-05-29,5444
2019-05-30,4320
2019-05-31,4105
2019-06-01,4300
2019-06-02,4439
2019-06-03,4956
2019-06-04,4109
2019-06-05,4013
2019-06-06,3648
2019-06-07,4201
2019-06-08,5961
2019-06-09,11990
2019-06-10,9375
2019-06-11,5335
2019-06-12,4271
2019-06-13,3905
2019-06-14,3541
2019-06-15,3703
2019-06-16,4338
2019-06-17,3812
2019-06-18,3514
2019-06-19,3479
2019-06-20,3569
2019-06-21,3841
2019-06-22,5816
2019-06-23,12388
2019-06-24,7455
2019-06-25,4386
2019-06-26,4361
2019-06-27,4103
2019-06-28,4125
2019-06-29,5561
2019-06-30,12034
2019-07-01,7100
2019-07-02,4617
2019-07-03,3888
2019-07-04,3533
2019-07-05,3590
2019-07-06,3787
2019-07-07,4129
2019-07-08,4094
2019-07-09,4044
2019-07-10,4217
2019-07-11,4237
2019-07-12,4901
2019-07-13,6360
2019-07-14,14109
2019-07-15,9241
2019-07-16,5605
2019-07-17,4877
2019-07-18,4309
2019-07-19,3907
2019-07-20,3967
2019-07-21,4156
2019-07-22,3984
2019-07-23,3795
2019-07-24,3565
2019-07-25,3552
2019-07-26,4045
2019-07-27,5817
2019-07-28,15093
2019-07-29,9787
2019-07-30,5797
2019-07-31,4939
2019-08-01,4666
2019-08-02,4854
2019-08-03,6655
2019-08-04,13411
2019-08-05,8708
2019-08-06,6266
2019-08-07,4552
2019-08-08,4812
2019-08-09,5337
2019-08-10,5034
2019-08-11,4564
2019-08-12,5337
2019-08-13,4071
2019-08-14,3726
2019-08-15,3463
2019-08-16,3424
2019-08-17,3180
2019-08-18,3781
2019-08-19,3590
2019-08-20,3408
2019-08-21,3334
2019-08-22,3169
2019-08-23,3140
2019-08-24,2966
2019-08-25,3410
2019-08-26,3348
2019-08-27,3448
2019-08-28,3341
2019-08-29,4377
2019-08-30,4159
2019-08-31,7889
2019-09-01,12703
2019-09-02,7070
2019-09-03,5802
2019-09-04,4190
2019-09-05,4192
2019-09-06,4239
2019-09-07,6446
2019-09-08,13853
2019-09-09,7740
2019-09-10,5583
2019-09-11,4907
2019-09-12,4484
2019-09-13,4097
2019-09-14,3889
2019-09-15,4105
2019-09-16,4291
2019-09-17,3978
2019-09-18,3714
2019-09-19,4348
2019-09-20,4533
2019-09-21,6824
2019-09-22,14896
2019-09-23,8306
2019-09-24,5065
2019-09-25,4436
2019-09-26,4359
2019-09-27,4413
2019-09-28,6544
2019-09-29,13700
2019-09-30,7563
2019-10-01,5041
2019-10-02,4342
2019-10-03,3859
2019-10-04,3736
2019-10-05,3894
2019-10-06,4321
2019-10-07,3831
2019-10-08,4266
2019-10-09,4129
2019-10-10,3776
2019-10-11,3988
2019-10-12,4857
2019-10-13,12870
2019-10-14,6143
2019-10-15,4209
2019-10-16,4503
2019-10-17,4024
2019-10-18,3771
2019-10-19,3339
2019-10-20,4234
2019-10-21,3951
2019-10-22,3903
2019-10-23,3866
2019-10-24,3689
2019-10-25,3911
2019-10-26,4635
2019-10-27,10363
2019-10-28,7895
2019-10-29,4635
2019-10-30,4045
2019-10-31,4446
2019-11-01,5310
2019-11-02,6147
2019-11-03,15455
2019-11-04,13819
2019-11-05,7188
2019-11-06,4692
2019-11-07,4199
2019-11-08,3906
2019-11-09,3641
2019-11-10,4279
2019-11-11,4064
2019-11-12,4597
2019-11-13,4315
2019-11-14,4254
2019-11-15,4192
2019-11-16,5696
2019-11-17,11344
2019-11-18,9374
2019-11-19,5586
2019-11-20,5214
2019-11-21,4734
2019-11-22,4716
2019-11-23,4743
2019-11-24,5038
2019-11-25,4619
2019-11-26,4022
2019-11-27,3932
2019-11-28,4865
2019-11-29,4545
2019-11-30,5548
2019-12-01,11924
2019-12-02,7586
2019-12-03,5029
2019-12-04,4214
2019-12-05,4266
2019-12-06,3700
2019-12-07,3564
2019-12-08,3798
2019-12-09,3699
2019-12-10,3562
2019-12-11,3474
2019-12-12,3320
2019-12-13,3087
2019-12-14,3019
2019-12-15,3480
2019-12-16,4602
2019-12-17,4772
2019-12-18,4197
2019-12-19,3303
2019-12-20,3391
2019-12-21,3116
2019-12-22,3225
2019-12-23,3595
2019-12-24,2916
2019-12-25,2733
2019-12-26,2938
2019-12-27,2928
2019-12-28,2904
2019-12-29,3098
2019-12-30,3154
2019-12-31,3212
2020-01-01,3384
2020-01-02,3605
2020-01-03,3403
2020-01-04,3158
2020-01-05,3201
2020-01-06,3293
2020-01-07,3523
2020-01-08,3052
2020-01-09,2754
2020-01-10,3035
2020-01-11,2986
2020-01-12,3423
2020-01-13,3260
2020-01-14,3405
2020-01-15,3192
2020-01-16,3156
2020-01-17,3533
2020-01-18,3022
2020-01-19,3354
2020-01-20,3366
2020-01-21,3378
2020-01-22,3537
2020-01-23,3310
2020-01-24,3189
2020-01-25,2931
2020-01-26,3075
2020-01-27,3093
2020-01-28,3197
2020-01-29,3529
2020-01-30,3285
2020-01-31,4019
2020-02-01,3547
2020-02-02,3639
2020-02-03,3384
2020-02-04,3716
2020-02-05,4201
2020-02-06,4175
2020-02-07,4327
2020-02-08,3641
2020-02-09,4014
2020-02-10,4100
2020-02-11,4398
2020-02-12,5138
2020-02-13,4391
2020-02-14,4395
2020-02-15,4428
2020-02-16,5285
2020-02-17,5483
2020-02-18,5914
2020-02-19,5699
2020-02-20,5125
2020-02-21,4725
2020-02-22,4435
2020-02-23,4708
2020-02-24,4579
2020-02-25,4497
2020-02-26,4453
2020-02-27,4613
2020-02-28,7127
2020-02-29,10738
2020-03-01,12761
2020-03-02,11589
2020-03-03,10094
2020-03-04,9779
2020-03-05,9435
2020-03-06,9025
2020-03-07,9302
2020-03-08,10606
2020-03-09,9562
2020-03-10,8373
2020-03-11,7828
2020-03-12,9409
2020-03-13,9429
2020-03-14,8051
2020-03-15,7885
2020-03-16,6719
2020-03-17,6679
2020-03-18,5760
2020-03-19,6938
2020-03-20,7121
2020-03-21,7146
2020-03-22,7900
2020-03-23,6855
2020-03-24,6540
2020-03-25,5975
2020-03-26,5691
2020-03-27,5965
2020-03-28,6482
2020-03-29,7077
2020-03-30,6683
2020-03-31,5888
2020-04-01,6296
2020-04-02,6348
2020-04-03,7239
2020-04-04,7299
2020-04-05,7328
2020-04-06,6489
2020-04-07,6048
2020-04-08,6012
2020-04-09,5882
2020-04-10,6173
2020-04-11,6151
2020-04-12,8289
2020-04-13,7277
2020-04-14,6157
2020-04-15,5831
2020-04-16,5462
2020-04-17,5358
2020-04-18,5997
2020-04-19,5970
2020-04-20,5541
2020-04-21,5245
2020-04-22,4912
2020-04-23,4946
2020-04-24,4854
2020-04-25,5310
2020-04-26,5510
2020-04-27,5857
2020-04-28,4965
2020-04-29,4703
2020-04-30,4923
2020-05-01,5270
2020-05-02,5576
2020-05-03,5780
2020-05-04,4793
2020-05-05,4653
2020-05-06,4807
2020-05-07,4697
2020-05-08,4504
2020-05-09,4891
2020-05-10,5557
2020-05-11,5034
2020-05-12,9059
2020-05-13,8847
2020-05-14,10567
2020-05-15,7324
2020-05-16,6480
2020-05-17,6961
2020-05-18,6179
2020-05-19,5431
2020-05-20,5071
2020-05-21,4852
2020-05-22,4880
2020-05-23,4971
2020-05-24,6384
2020-05-25,5531
2020-05-26,5047
2020-05-27,4615
2020-05-28,4679
2020-05-29,4922
2020-05-30,4665
2020-05-31,4630
2020-06-01,4382
2020-06-02,5393
2020-06-03,4708
2020-06-04,4550
2020-06-05,4299
2020-06-06,4577
2020-06-07,4982
2020-06-08,4426
2020-06-09,4214
2020-06-10,4344
2020-06-11,4946
2020-06-12,4999
2020-06-13,4175
2020-06-14,4562
2020-06-15,4247
2020-06-16,3929
2020-06-17,3889
2020-06-18,3869
2020-06-19,3896
2020-06-20,3795
2020-06-21,4648
2020-06-22,4531
2020-06-23,4100
2020-06-24,3894
2020-06-25,3767
2020-06-26,4295
2020-06-27,4576
2020-06-28,4664
2020-06-29,4875
2020-06-30,4536
2020-07-01,4611
2020-07-02,5516
2020-07-03,8388
2020-07-04,11329
2020-07-05,21457
2020-07-06,11428
2020-07-07,8198
2020-07-08,8060
2020-07-09,6901
2020-07-10,10437
2020-07-11,12262
2020-07-12,22134
2020-07-13,11413
2020-07-14,7488
2020-07-15,6947
2020-07-16,6702
2020-07-17,7519
2020-07-18,11651
2020-07-19,20962
2020-07-20,10833
2020-07-21,7258
2020-07-22,6509
2020-07-23,5898
2020-07-24,8845
2020-07-25,7275
2020-07-26,7193
2020-07-27,6271
2020-07-28,5687
2020-07-29,5129
2020-07-30,5750
2020-07-31,6893
2020-08-01,9303
2020-08-02,19726
2020-08-03,10367
2020-08-04,6741
2020-08-05,5817
2020-08-06,5936
2020-08-07,7618
2020-08-08,10377
2020-08-09,20981
2020-08-10,9724
2020-08-11,6545
2020-08-12,5766
2020-08-13,5514
2020-08-14,5854
2020-08-15,7948
2020-08-16,17328
2020-08-17,9145
2020-08-18,6330
2020-08-19,5820
2020-08-20,5172
2020-08-21,5653
2020-08-22,5706
2020-08-23,7457
2020-08-24,5395
2020-08-25,6456
2020-08-26,5089
2020-08-27,4791
2020-08-28,5957
2020-08-29,8419
2020-08-30,15186
2020-08-31,7882
2020-09-01,5491
2020-09-02,4888
2020-09-03,6034
2020-09-04,5956
2020-09-05,8259
2020-09-06,21621
2020-09-07,11862
2020-09-08,7410
2020-09-09,7170
2020-09-10,10235
2020-09-11,7695
2020-09-12,9544
2020-09-13,20535
2020-09-14,10308
2020-09-15,6748
2020-09-16,5344
2020-09-17,5141
2020-09-18,4800
2020-09-19,4974
2020-09-20,5583
2020-09-21,4477
2020-09-22,4528
2020-09-23,4582
2020-09-24,4439
2020-09-25,5319
2020-09-26,6813
2020-09-27,12526
2020-09-28,6712
2020-09-29,5092
2020-09-30,3868
2020-10-01,3740
2020-10-02,4816
2020-10-03,4196
2020-10-04,4140
2020-10-05,4273
2020-10-06,3893
2020-10-07,3999
2020-10-08,4009
2020-10-09,4667
2020-10-10,6958
2020-10-11,16569
2020-10-12,9603
2020-10-13,7262
2020-10-14,8533
2020-10-15,11705
2020-10-16,7156
2020-10-17,6173
2020-10-18,5857
2020-10-19,5133
2020-10-20,4446
2020-10-21,4408
2020-10-22,5142
2020-10-23,5386
2020-10-24,6863
2020-10-25,15854
2020-10-26,12320
2020-10-27,8431
2020-10-28,6756
2020-10-29,4853
2020-10-30,5884
2020-10-31,7118
2020-11-01,15476
2020-11-02,8094
2020-11-03,5512
2020-11-04,3921
2020-11-05,4473
2020-11-06,4168
2020-11-07,4019
2020-11-08,4317
2020-11-09,4156
2020-11-10,4775
2020-11-11,4150
2020-11-12,4389
2020-11-13,4894
2020-11-14,8158
2020-11-15,21776
2020-11-16,11613
2020-11-17,6683
2020-11-18,5864
2020-11-19,5371
2020-11-20,4800
2020-11-21,4669
2020-11-22,5129
2020-11-23,4505
2020-11-24,4035
2020-11-25,4261
2020-11-26,4031
2020-11-27,4829
2020-11-28,6176
2020-11-29,16814
2020-11-30,12762
2020-12-01,10174
2020-12-02,10402
2020-12-03,6916
2020-12-04,7980
2020-12-05,9857
2020-12-06,19426
2020-12-07,12588
2020-12-08,7724
2020-12-09,6691
2020-12-10,6646
2020-12-11,7045
2020-12-12,8449
2020-12-13,21866
2020-12-14,10603
2020-12-15,6986
2020-12-16,7472
2020-12-17,6122
2020-12-18,7683
2020-12-19,6129
2020-12-20,5766
2020-12-21,5377
2020-12-22,4847
2020-12-23,4602
2020-12-24,4398
2020-12-25,4021
2020-12-26,4452
2020-12-27,4872
2020-12-28,4969
2020-12-29,4635
2020-12-30,5242
2020-12-31,4906
2021-01-01,4951
2021-01-02,5085
2021-01-03,5076
2021-01-04,5346
2021-01-05,4587
2021-01-06,4025
2021-01-07,3954
2021-01-08,3707
2021-01-09,3526
2021-01-10,3799
2021-01-11,3592
2021-01-12,4399
2021-01-13,3775
2021-01-14,3629
2021-01-15,3419
2021-01-16,3166
2021-01-17,3462
2021-01-18,3388
2021-01-19,3204
2021-01-20,3094
2021-01-21,3303
2021-01-22,3206
2021-01-23,3072
2021-01-24,3270
2021-01-25,3241
2021-01-26,3202
2021-01-27,3261
2021-01-28,3234
2021-01-29,3087
2021-01-30,2997
2021-01-31,3310
2021-02-01,3030
2021-02-02,3038
2021-02-03,3250
2021-02-04,3207
2021-02-05,3206
2021-02-06,3077
2021-02-07,3239
2021-02-08,3996
2021-02-09,3687
2021-02-10,3408
2021-02-11,3463
2021-02-12,3341
2021-02-13,3099
2021-02-14,3476
2021-02-15,3976
2021-02-16,3713
2021-02-17,3639
2021-02-18,3410
2021-02-19,3450
2021-02-20,3409
2021-02-21,9293
2021-02-22,4146
2021-02-23,3846
2021-02-24,4077
2021-02-25,3700
2021-02-26,3577
2021-02-27,3786
2021-02-28,4164
2021-03-01,4227
2021-03-02,4594
2021-03-03,4918
2021-03-04,5160
2021-03-05,4778
2021-03-06,4124
2021-03-07,4528
2021-03-08,4273
2021-03-09,4011
2021-03-10,4180
2021-03-11,4445
2021-03-12,5339
2021-03-13,6019
2021-03-14,6621
2021-03-15,5267
2021-03-16,4803
2021-03-17,4735
2021-03-18,5097
2021-03-19,7344
2021-03-20,11783
2021-03-21,15028
2021-03-22,14250
2021-03-23,13389
2021-03-24,12889
2021-03-25,13099
2021-03-26,14936
2021-03-27,19878
2021-03-28,28999
2021-03-29,16867
2021-03-30,11420
2021-03-31,9861
2021-04-01,9293
2021-04-02,10127
2021-04-03,9142
2021-04-04,9881
2021-04-05,9894
2021-04-06,8332
2021-04-07,7966
2021-04-08,7877
2021-04-09,7309
2021-04-10,7926
2021-04-11,8063
2021-04-12,7498
2021-04-13,7444
2021-04-14,6682
2021-04-15,6943
2021-04-16,7584
2021-04-17,10318
2021-04-18,20525
2021-04-19,12981
2021-04-20,9552
2021-04-21,8616
2021-04-22,7920
2021-04-23,7169
2021-04-24,7614
2021-04-25,8477
2021-04-26,7852
2021-04-27,6920
2021-04-28,7292
2021-04-29,6714
2021-04-30,6726
2021-05-01,8931
2021-05-02,16228
2021-05-03,11335
2021-05-04,7938
2021-05-05,7353
2021-05-06,6911
2021-05-07,7098
2021-05-08,10375
2021-05-09,16698
2021-05-10,10433
2021-05-11,7378
2021-05-12,6800
2021-05-13,6538
2021-05-14,6574
2021-05-15,6484
2021-05-16,6975
2021-05-17,6612
2021-05-18,6307
2021-05-19,6346
2021-05-20,6719
2021-05-21,7339
2021-05-22,10501
2021-05-23,22768
2021-05-24,12799
2021-05-25,8997
2021-05-26,7144
2021-05-27,6441
2021-05-28,6170
2021-05-29,5852
2021-05-30,8331
2021-05-31,6990
2021-06-01,5923
2021-06-02,5669
2021-06-03,5663
2021-06-04,6315
2021-06-05,8592
2021-06-06,20966
2021-06-07,12249
2021-06-08,8190
2021-06-09,6706
2021-06-10,6309
2021-06-11,5857
2021-06-12,5733
2021-06-13,5852
2021-06-14,5385
2021-06-15,5287
2021-06-16,4992
2021-06-17,4782
2021-06-18,5434
2021-06-19,7078
2021-06-20,18125
2021-06-21,10555
2021-06-22,6380
2021-06-23,5706
2021-06-24,6030
2021-06-25,6439
2021-06-26,8192
2021-06-27,15336
2021-06-28,8162
2021-06-29,6073
2021-06-30,5898
2021-07-01,5853
2021-07-02,5859
2021-07-03,9425
2021-07-04,17756
2021-07-05,9029
2021-07-06,7411
2021-07-07,5882
2021-07-08,5325
2021-07-09,5673
2021-07-10,5398
2021-07-11,5609
2021-07-12,5529
2021-07-13,5504
2021-07-14,5324
2021-07-15,6538
2021-07-16,9321
2021-07-17,10411
2021-07-18,22264
2021-07-19,14179
2021-07-20,8537
2021-07-21,6349
2021-07-22,6136
2021-07-23,5672
2021-07-24,5465
2021-07-25,5929
2021-07-26,5413
2021-07-27,4962
2021-07-28,4630
2021-07-29,4864
2021-07-30,5064
2021-07-31,6878
2021-08-01,19989
2021-08-02,11230
2021-08-03,6518
2021-08-04,5474
2021-08-05,5323
2021-08-06,5983
2021-08-07,6148
2021-08-08,6361
2021-08-09,6560
2021-08-10,5575
2021-08-11,5061
2021-08-12,5628
2021-08-13,4597
2021-08-14,4848
2021-08-15,5497
2021-08-16,4790
2021-08-17,4510
2021-08-18,5115
2021-08-19,4856
2021-08-20,4558
2021-08-21,4671
2021-08-22,5158
2021-08-23,5191
2021-08-24,4902
2021-08-25,4918
2021-08-26,5174
2021-08-27,5910
2021-08-28,9701
2021-08-29,26592
2021-08-30,11951
2021-08-31,7257
2021-09-01,7467
2021-09-02,7208
2021-09-03,7762
2021-09-04,11338
2021-09-05,22428
2021-09-06,14289
2021-09-07,11782
2021-09-08,9606
2021-09-09,7789
2021-09-10,9750
2021-09-11,11483
2021-09-12,25584
2021-09-13,14470
2021-09-14,8675
2021-09-15,9978
2021-09-16,11756
2021-09-17,10961
2021-09-18,11273
2021-09-19,11597
2021-09-20,9556
2021-09-21,8215
2021-09-22,7695
2021-09-23,8006
2021-09-24,8608
2021-09-25,11061
2021-09-26,25621
2021-09-27,13524
2021-09-28,8536
2021-09-29,7561
2021-09-30,8694
2021-10-01,7662
2021-10-02,6795
2021-10-03,7608
2021-10-04,6755
2021-10-05,6102
2021-10-06,5801
2021-10-07,5925
2021-10-08,6966
2021-10-09,8724
2021-10-10,19318
2021-10-11,9524
2021-10-12,6775
2021-10-13,5879
2021-10-14,5640
2021-10-15,6035
2021-10-16,5830
2021-10-17,5843
2021-10-18,5796
2021-10-19,5356
2021-10-20,5189
2021-10-21,5417
2021-10-22,6585
2021-10-23,9477
2021-10-24,20457
2021-10-25,15338
2021-10-26,7778
2021-10-27,6821
2021-10-28,5835
2021-10-29,5285
2021-10-30,5017
2021-10-31,5315
2021-11-01,5321
2021-11-02,4896
2021-11-03,4572
2021-11-04,4160
2021-11-05,4712
2021-11-06,6095
2021-11-07,12159
2021-11-08,9667
2021-11-09,5695
2021-11-10,5199
2021-11-11,5138
2021-11-12,6228
2021-11-13,7715
2021-11-14,15240
2021-11-15,10806
2021-11-16,8220
2021-11-17,6992
2021-11-18,6777
2021-11-19,7355
2021-11-20,9703
2021-11-21,24474
2021-11-22,12772
2021-11-23,7934
2021-11-24,6581
2021-11-25,5968
2021-11-26,5713
2021-11-27,6010
2021-11-28,8820
2021-11-29,7474
2021-11-30,5919
2021-12-01,5152
2021-12-02,5402
2021-12-03,6732
2021-12-04,9926
2021-12-05,24224
2021-12-06,16996
2021-12-07,10349
2021-12-08,8854
2021-12-09,8987
2021-12-10,9890
2021-12-11,14720
2021-12-12,75730
2021-12-13,47656
2021-12-14,25910
2021-12-15,17436
2021-12-16,17169
2021-12-17,12900
2021-12-18,11197
2021-12-19,9669
2021-12-20,8439
2021-12-21,7827
2021-12-22,7761
2021-12-23,7195
2021-12-24,6322
2021-12-25,6200
2021-12-26,6900
2021-12-27,7135
2021-12-28,6730
2021-12-29,6922
2021-12-30,6652
2021-12-31,5872
2022-01-01,6061
2022-01-02,6508
2022-01-03,6679
2022-01-04,6297
2022-01-05,6069
2022-01-06,5493
2022-01-07,5806
2022-01-08,5294
2022-01-09,5697
2022-01-10,5682
2022-01-11,5613
2022-01-12,5612
2022-01-13,5317
2022-01-14,4921
2022-01-15,4553
2022-01-16,4660
2022-01-17,4886
2022-01-18,4706
2022-01-19,4460
2022-01-20,4257
2022-01-21,4576
2022-01-22,4210
2022-01-23,4778
2022-01-24,4821
2022-01-25,4670
2022-01-26,4370
2022-01-27,4820
2022-01-28,4790
2022-01-29,4590
2022-01-30,4944
2022-01-31,4836
2022-02-01,4826
2022-02-02,4584
2022-02-03,4443
2022-02-04,4528
2022-02-05,4450
2022-02-06,4555
2022-02-07,4621
2022-02-08,4431
2022-02-09,5157
2022-02-10,4987
2022-02-11,4957
2022-02-12,4433
2022-02-13,4573
2022-02-14,4896
2022-02-15,4988
2022-02-16,4698
2022-02-17,6492
2022-02-18,6139
2022-02-19,5220
2022-02-20,5627
2022-02-21,5794
2022-02-22,5703
2022-02-23,6447
2022-02-24,6220
2022-02-25,7465
2022-02-26,5248
2022-02-27,5268
2022-02-28,5096
2022-03-01,5126
2022-03-02,5474
2022-03-03,6101
2022-03-04,5112
2022-03-05,6482
2022-03-06,5822
2022-03-07,5779
2022-03-08,5248
2022-03-09,6420
2022-03-10,7270
2022-03-11,9963
2022-03-12,13939
2022-03-13,15400
2022-03-14,15020
2022-03-15,13398
2022-03-16,12442
2022-03-17,13128
2022-03-18,15088
2022-03-19,21329
2022-03-20,38183
2022-03-21,21615
2022-03-22,14407
2022-03-23,12310
2022-03-24,11544
2022-03-25,12655
2022-03-26,20847
2022-03-27,36235
2022-03-28,19416
2022-03-29,12276
2022-03-30,10623
2022-03-31,15603
2022-04-01,10286
2022-04-02,9885
2022-04-03,10167
2022-04-04,9134
2022-04-05,8010
2022-04-06,7589
2022-04-07,7757
2022-04-08,9477
2022-04-09,13751
2022-04-10,28980
2022-04-11,12479
2022-04-12,9051
2022-04-13,7733
2022-04-14,7195
2022-04-15,7106
2022-04-16,7123
2022-04-17,7380
2022-04-18,7560
2022-04-19,6737
2022-04-20,6610
2022-04-21,7313
2022-04-22,11753
2022-04-23,15169
2022-04-24,26898
2022-04-25,12955
2022-04-26,8569
2022-04-27,7193
2022-04-28,6712
2022-04-29,6575
2022-04-30,6775
2022-05-01,7456
2022-05-02,7476
2022-05-03,7155
2022-05-04,6932
2022-05-05,7405
2022-05-06,9670
2022-05-07,13713
2022-05-08,28944
2022-05-09,20087
2022-05-10,9390
2022-05-11,7223
2022-05-12,6523
2022-05-13,6591
2022-05-14,6071
2022-05-15,7169
2022-05-16,6617
2022-05-17,5912
2022-05-18,5916
2022-05-19,6006
2022-05-20,7275
2022-05-21,9799
2022-05-22,19904
2022-05-23,10598
2022-05-24,7251
2022-05-25,6305
2022-05-26,6858
2022-05-27,7832
2022-05-28,10763
2022-05-29,28125
2022-05-30,13647
2022-05-31,10259
2022-06-01,7739
2022-06-02,6710
2022-06-03,5911
2022-06-04,6386
2022-06-05,7172
2022-06-06,6338
2022-06-07,5897
2022-06-08,5977
2022-06-09,5999
2022-06-10,7149
2022-06-11,10218
2022-06-12,21503
2022-06-13,10411
2022-06-14,7231
2022-06-15,6319
2022-06-16,6455
2022-06-17,7335
2022-06-18,10891
2022-06-19,21791
2022-06-20,13542
2022-06-21,7421
2022-06-22,6701
2022-06-23,5848
2022-06-24,5465
2022-06-25,5369
2022-06-26,6119
2022-06-27,6551
2022-06-28,6380
2022-06-29,5858
2022-06-30,6489
2022-07-01,7096
2022-07-02,9908
2022-07-03,28878
2022-07-04,16103
2022-07-05,9548
2022-07-06,7881
2022-07-07,7462
2022-07-08,9867
2022-07-09,12573
2022-07-10,24548
2022-07-11,12762
2022-07-12,7739
2022-07-13,6884
2022-07-14,6546
2022-07-15,6159
2022-07-16,6430
2022-07-17,7499
2022-07-18,6636
2022-07-19,5978
2022-07-20,5945
2022-07-21,6195
2022-07-22,7288
2022-07-23,9473
2022-07-24,20925
2022-07-25,10882
2022-07-26,7629
2022-07-27,6701
2022-07-28,10705
2022-07-29,9474
2022-07-30,11527
2022-07-31,22363
2022-08-01,14119
2022-08-02,9737
2022-08-03,8621
2022-08-04,6971
2022-08-05,6735
2022-08-06,6287
2022-08-07,6664
2022-08-08,6251
2022-08-09,5645
2022-08-10,5420
2022-08-11,5099
2022-08-12,4863
2022-08-13,4887
2022-08-14,5665
2022-08-15,5637
2022-08-16,5138
2022-08-17,5185
2022-08-18,5051
2022-08-19,4894
2022-08-20,4729
2022-08-21,5418
2022-08-22,5261
2022-08-23,4970
2022-08-24,6045
2022-08-25,6081
2022-08-26,8385
2022-08-27,9879
2022-08-28,17626
2022-08-29,9413
2022-08-30,7115
2022-08-31,5809
2022-09-01,5543
2022-09-02,7240
2022-09-03,8740
2022-09-04,20556
2022-09-05,10705
2022-09-06,7515
2022-09-07,6181
2022-09-08,6526
2022-09-09,9253
2022-09-10,12482
2022-09-11,25939
2022-09-12,11683
2022-09-13,7413
2022-09-14,6373
2022-09-15,5420
2022-09-16,4966
2022-09-17,5172
2022-09-18,5355
2022-09-19,4836
2022-09-20,6034
2022-09-21,5223
2022-09-22,5089
2022-09-23,5146
2022-09-24,4478
2022-09-25,5838
2022-09-26,5048
2022-09-27,5100
2022-09-28,4857
2022-09-29,5005
2022-09-30,7106
2022-10-01,9295
2022-10-02,20887
2022-10-03,10244
2022-10-04,6641
2022-10-05,5833
2022-10-06,5706
2022-10-07,6964
2022-10-08,11664
2022-10-09,29426
2022-10-10,12000
2022-10-11,7232
2022-10-12,7140
2022-10-13,6450
2022-10-14,5762
2022-10-15,5036
2022-10-16,5654
2022-10-17,5496
2022-10-18,5540
2022-10-19,5252
2022-10-20,5187
2022-10-21,6550
2022-10-22,7817
2022-10-23,17984
2022-10-24,14575
2022-10-25,7834
2022-10-26,7877
2022-10-27,7671
2022-10-28,7636
2022-10-29,7723
2022-10-30,19432
2022-10-31,12870
2022-11-01,6980
2022-11-02,6971
2022-11-03,5883
2022-11-04,5367
2022-11-05,4906
2022-11-06,6137
2022-11-07,5861
2022-11-08,5686
2022-11-09,4910
2022-11-10,5378
2022-11-11,8435
2022-11-12,11117
2022-11-13,15973
2022-11-14,13006
2022-11-15,6896
2022-11-16,6065
2022-11-17,7635
2022-11-18,7880
2022-11-19,8457
2022-11-20,17910
2022-11-21,10415
2022-11-22,6574
2022-11-23,6314
2022-11-24,5688
2022-11-25,4858
2022-11-26,4539
2022-11-27,4865
2022-11-28,4747
2022-11-29,5206
2022-11-30,4701
2022-12-01,4184
2022-12-02,3994
2022-12-03,3812
2022-12-04,4197
2022-12-05,4010
2022-12-06,3861
2022-12-07,3858
2022-12-08,3603
2022-12-09,3250
2022-12-10,3298
2022-12-11,3481
2022-12-12,3901
2022-12-13,4371
2022-12-14,3667
2022-12-15,4033
2022-12-16,3631
2022-12-17,3412
2022-12-18,3358
2022-12-19,3777
2022-12-20,3541
2022-12-21,3726
2022-12-22,3272
2022-12-23,3063
2022-12-24,2935
2022-12-25,2830
2022-12-26,3134
2022-12-27,3575
2022-12-28,3465
2022-12-29,3386
2022-12-30,3270
2022-12-31,2965
2023-01-01,3328
2023-01-02,3577
2023-01-03,3982
2023-01-04,3759
2023-01-05,4220
2023-01-06,4170
2023-01-07,3665
2023-01-08,4056
2023-01-09,4246
2023-01-10,4287
2023-01-11,3971
2023-01-12,3912
2023-01-13,3836
2023-01-14,3761
2023-01-15,3948
2023-01-16,3873
2023-01-17,4193
2023-01-18,4135
2023-01-19,3945
2023-01-20,4109
2023-01-21,3910
2023-01-22,3870
2023-01-23,4245
2023-01-24,4479
2023-01-25,4341
2023-01-26,3866
2023-01-27,3823
2023-01-28,3753
2023-01-29,3909
2023-01-30,4015
2023-01-31,4049
2023-02-01,3915
2023-02-02,4068
2023-02-03,6149
2023-02-04,5003
2023-02-05,4488
2023-02-06,4661
2023-02-07,4667
2023-02-08,4606
2023-02-09,4123
2023-02-10,4087
2023-02-11,4537
2023-02-12,4764
2023-02-13,5040
2023-02-14,4937
2023-02-15,5368
2023-02-16,4825
2023-02-17,4658
2023-02-18,4722
2023-02-19,5324
2023-02-20,5300
2023-02-21,5717
2023-02-22,5132
2023-02-23,6634
2023-02-24,8765
2023-02-25,12851
2023-02-26,14271
2023-02-27,13872
2023-02-28,12772
2023-03-01,11635
2023-03-02,13101
2023-03-03,18376
2023-03-04,23865
2023-03-05,43127
2023-03-06,20867
2023-03-07,13043
2023-03-08,10047
2023-03-09,9429
2023-03-10,9179
2023-03-11,9511
2023-03-12,10014
2023-03-13,8636
2023-03-14,7916
2023-03-15,7724
2023-03-16,7206
2023-03-17,9589
2023-03-18,13948
2023-03-19,25409
2023-03-20,15767
2023-03-21,9467
2023-03-22,8569
2023-03-23,7821
2023-03-24,7206
2023-03-25,7475
2023-03-26,8179
2023-03-27,7102
2023-03-28,6138
2023-03-29,6520
2023-03-30,7450
2023-03-31,9959
2023-04-01,14763
2023-04-02,31245
2023-04-03,12422
2023-04-04,7457
2023-04-05,6359
2023-04-06,5891
2023-04-07,5991
2023-04-08,5701
2023-04-09,5857
2023-04-10,5625
2023-04-11,5516
2023-04-12,4808
2023-04-13,4723
2023-04-14,5439
2023-04-15,4735
2023-04-16,5820
2023-04-17,4712
2023-04-18,4585
2023-04-19,4690
2023-04-20,5066
2023-04-21,5265
2023-04-22,5875
2023-04-23,6727
2023-04-24,5849
2023-04-25,5153
2023-04-26,6385
2023-04-27,5945
2023-04-28,11562
2023-04-29,17425
2023-04-30,21342
2023-05-01,10711
2023-05-02,7438
2023-05-03,6444
2023-05-04,6541
2023-05-05,9333
2023-05-06,11838
2023-05-07,24408
2023-05-08,17832
2023-05-09,8692
2023-05-10,7281
2023-05-11,6565
2023-05-12,6281
2023-05-13,6322
2023-05-14,6438
2023-05-15,5737
2023-05-16,5307
2023-05-17,7069
2023-05-18,6253
2023-05-19,5648
2023-05-20,6050
2023-05-21,6157
2023-05-22,5549
2023-05-23,5648
2023-05-24,6202
2023-05-25,5820
2023-05-26,9121
2023-05-27,16706
2023-05-28,26408
2023-05-29,14974
2023-05-30,8843
2023-05-31,7952
2023-06-01,6681
2023-06-02,8552
2023-06-03,11656
2023-06-04,22694
2023-06-05,10879
2023-06-06,7601
2023-06-07,6317
2023-06-08,5840
2023-06-09,5553
2023-06-10,6165
2023-06-11,7670
2023-06-12,6498
2023-06-13,5545
2023-06-14,5387
2023-06-15,5589
2023-06-16,7199
2023-06-17,10678
2023-06-18,24206
2023-06-19,17814
2023-06-20,7872
2023-06-21,6315
2023-06-22,5682
2023-06-23,5675
2023-06-24,6154
2023-06-25,6916
2023-06-26,6645
2023-06-27,5638
2023-06-28,5337
2023-06-29,5265
2023-06-30,8987
2023-07-01,14905
2023-07-02,29925
2023-07-03,12745
2023-07-04,7786
2023-07-05,7530
2023-07-06,6976
2023-07-07,9253
2023-07-08,15701
2023-07-09,32741
2023-07-10,13569
2023-07-11,12423
2023-07-12,9932
2023-07-13,7576
2023-07-14,7006
2023-07-15,6725
2023-07-16,7062
2023-07-17,5668
2023-07-18,6088
2023-07-19,5921
2023-07-20,6436
2023-07-21,8812
2023-07-22,11652
2023-07-23,29958
2023-07-24,16923
2023-07-25,7525
2023-07-26,6227
2023-07-27,6781
2023-07-28,12420
2023-07-29,13746
2023-07-30,20228
2023-07-31,10248
2023-08-01,6658
2023-08-02,6654
2023-08-03,5966
2023-08-04,5123
2023-08-05,4771
2023-08-06,5463
2023-08-07,5412
2023-08-08,4931
2023-08-09,4881
2023-08-10,4956
2023-08-11,4780
2023-08-12,4709
2023-08-13,5379
2023-08-14,4744
2023-08-15,4464
2023-08-16,4327
2023-08-17,4372
2023-08-18,4553
2023-08-19,4652
2023-08-20,5883
2023-08-21,4971
2023-08-22,5028
2023-08-23,4610
2023-08-24,4921
2023-08-25,7659
2023-08-26,11246
2023-08-27,26129
2023-08-28,15861
2023-08-29,7665
2023-08-30,7856
2023-08-31,6668
2023-09-01,7457
2023-09-02,11087
2023-09-03,21435
2023-09-04,10346
2023-09-05,7689
2023-09-06,6954
2023-09-07,5938
2023-09-08,5939
2023-09-09,5723
2023-09-10,5850
2023-09-11,5402
2023-09-12,4931
2023-09-13,4969
2023-09-14,5224
2023-09-15,6612
2023-09-16,12873
2023-09-17,24948
2023-09-18,16963
2023-09-19,7987
2023-09-20,6876
2023-09-21,6997
2023-09-22,10342
2023-09-23,12473
2023-09-24,31224
2023-09-25,11163
2023-09-26,7658
2023-09-27,6504
2023-09-28,6405
2023-09-29,6391
2023-09-30,6084
2023-10-01,6272
2023-10-02,6359
2023-10-03,5968
2023-10-04,5571
2023-10-05,6171
2023-10-06,10756
2023-10-07,15530
2023-10-08,23395
2023-10-09,14353
2023-10-10,8208
2023-10-11,6944
2023-10-12,6713
2023-10-13,6021
2023-10-14,6645
2023-10-15,6347
2023-10-16,5571
2023-10-17,5559
2023-10-18,5727
2023-10-19,5613
2023-10-20,9308
2023-10-21,15950
2023-10-22,16601
2023-10-23,18449
2023-10-24,8208
2023-10-25,5506
2023-10-26,4934
2023-10-27,5391
2023-10-28,8817
2023-10-29,16076
2023-10-30,12209
2023-10-31,6900
2023-11-01,6029
2023-11-02,6037
2023-11-03,8756
2023-11-04,10371
2023-11-05,17672
2023-11-06,11900
2023-11-07,7546
2023-11-08,6444
2023-11-09,6520
2023-11-10,6611
2023-11-11,6662
2023-11-12,6990
2023-11-13,6676
2023-11-14,7082
2023-11-15,8202
2023-11-16,9894
2023-11-17,15616
2023-11-18,19195
2023-11-19,40493
2023-11-20,16428
2023-11-21,10112
2023-11-22,8367
2023-11-23,7777
2023-11-24,9542
2023-11-25,13190
2023-11-26,28949
2023-11-27,15452
2023-11-28,9012
2023-11-29,7038
2023-11-30,6090
2023-12-01,5837
2023-12-02,5388
2023-12-03,5307
2023-12-04,5151
2023-12-05,5045
2023-12-06,6782
2023-12-07,5488
2023-12-08,5076
2023-12-09,4400
2023-12-10,4759
2023-12-11,4926
2023-12-12,5065
2023-12-13,4634
2023-12-14,4472
2023-12-15,4910
2023-12-16,4464
2023-12-17,4856
2023-12-18,5008
2023-12-19,4517
2023-12-20,4151
2023-12-21,4263
2023-12-22,3960
2023-12-23,3941
2023-12-24,4149
2023-12-25,4119
2023-12-26,4506
2023-12-27,4619
2023-12-28,4732
2023-12-29,4379
2023-12-30,4596
2023-12-31,4388
2024-01-01,4518
2024-01-02,4990
2024-01-03,4804
2024-01-04,4570
2024-01-05,4685
2024-01-06,4430
2024-01-07,4513
2024-01-08,4672
2024-01-09,4701
2024-01-10,5083
2024-01-11,4856
2024-01-12,4156
2024-01-13,4379
2024-01-14,5037
2024-01-15,4730
2024-01-16,4847
2024-01-17,4445
2024-01-18,4619
2024-01-19,4777
2024-01-20,4367
2024-01-21,4753
2024-01-22,4618
2024-01-23,5518
2024-01-24,5638
2024-01-25,5337
2024-01-26,4792
2024-01-27,5083
2024-01-28,5607
2024-01-29,5841
2024-01-30,5232
2024-01-31,6482
2024-02-01,20758
2024-02-02,17609
2024-02-03,10541
2024-02-04,8874
2024-02-05,8698
2024-02-06,7988
2024-02-07,7172
2024-02-08,6792
2024-02-09,6779
2024-02-10,5894
2024-02-11,6104
2024-02-12,6563
2024-02-13,5970
2024-02-14,5910
2024-02-15,6144
2024-02-16,6337
2024-02-17,6251
2024-02-18,7135
2024-02-19,6963
2024-02-20,7230
2024-02-21,10572
2024-02-22,9503
2024-02-23,10866
2024-02-24,12532
2024-02-25,14004
2024-02-26,14377
2024-02-27,13321
2024-02-28,13869
2024-02-29,18067
2024-03-01,28565
2024-03-02,45044
2024-03-03,24692
2024-03-04,16272
2024-03-05,12500
2024-03-06,11477
2024-03-07,13579
2024-03-08,19343
2024-03-09,36748
2024-03-10,20613
2024-03-11,12791
2024-03-12,10001
2024-03-13,9327
2024-03-14,8371
2024-03-15,8367
2024-03-16,9179
2024-03-17,9378
2024-03-18,8491
2024-03-19,7928
2024-03-20,7482
2024-03-21,8483
2024-03-22,10733
2024-03-23,16970
2024-03-24,42496
2024-03-25,14652
2024-03-26,10659
2024-03-27,8804
2024-03-28,13260
2024-03-29,22409
2024-03-30,22358
2024-03-31,22261
2024-04-01,19654
2024-04-02,21094
2024-04-03,13941
2024-04-04,8445
2024-04-05,11437
2024-04-06,13383
2024-04-07,29763
2024-04-08,13469
2024-04-09,7458
2024-04-10,6916
2024-04-11,6657
2024-04-12,6932
2024-04-13,6479
2024-04-14,6208
2024-04-15,6027
2024-04-16,5979
2024-04-17,5501
2024-04-18,6260
2024-04-19,8916
2024-04-20,11039
2024-04-21,17132
2024-04-22,8478
2024-04-23,6217
2024-04-24,6367
2024-04-25,6761
2024-04-26,7076
2024-04-27,6331
2024-04-28,6413
2024-04-29,5952
2024-04-30,5700
2024-05-01,6866
2024-05-02,6246
2024-05-03,7361
2024-05-04,10528
2024-05-05,18181
2024-05-06,19426
2024-05-07,9057
2024-05-08,6966
2024-05-09,5762
2024-05-10,5409
2024-05-11,5005
2024-05-12,6208
2024-05-13,6366
2024-05-14,5503
2024-05-15,5375
2024-05-16,5299
2024-05-17,6196
2024-05-18,8098
2024-05-19,14069
2024-05-20,8019
2024-05-21,6488
2024-05-22,25258
2024-05-23,16029
2024-05-24,7511
2024-05-25,8915
2024-05-26,24078
2024-05-27,14049
2024-05-28,9220
2024-05-29,7206
2024-05-30,6512
2024-05-31,6203
2024-06-01,5604
2024-06-02,6163
2024-06-03,6086
2024-06-04,5584
2024-06-05,5442
2024-06-06,4976
2024-06-07,5682
2024-06-08,22605
2024-06-09,22900
2024-06-10,11382
2024-06-11,6344
2024-06-12,5676
2024-06-13,4994
2024-06-14,4655
2024-06-15,4345
2024-06-16,4930
2024-06-17,4790
2024-06-18,4345
2024-06-19,4138
2024-06-20,4045
2024-06-21,4532
2024-06-22,6243
2024-06-23,12241
2024-06-24,6511
2024-06-25,4397
2024-06-26,4049
2024-06-27,4419
2024-06-28,5326
2024-06-29,6791
2024-06-30,13126
2024-07-01,7413
2024-07-02,4830
2024-07-03,4532
2024-07-04,5211
2024-07-05,5826
2024-07-06,7930
2024-07-07,21804
2024-07-08,13134
2024-07-09,7527
2024-07-10,6057
2024-07-11,5223
2024-07-12,5090
2024-07-13,4694
2024-07-14,4842
2024-07-15,4882
2024-07-16,4417
2024-07-17,4270
2024-07-18,4792
2024-07-19,5115
2024-07-20,7258
2024-07-21,20298
2024-07-22,11226
2024-07-23,6625
2024-07-24,5846
2024-07-25,6049
2024-07-26,6208
2024-07-27,6883
2024-07-28,19943
2024-07-29,11540
2024-07-30,6638
2024-07-31,4927
2024-08-01,4641
2024-08-02,4274
2024-08-03,4045
2024-08-04,4377
2024-08-05,3760
2024-08-06,3660
2024-08-07,3581
2024-08-08,3787
2024-08-09,3440
2024-08-10,3400
2024-08-11,3820
2024-08-12,3712
2024-08-13,3684
2024-08-14,3754
2024-08-15,3364
2024-08-16,3566
2024-08-17,3528
2024-08-18,4512
2024-08-19,5920
2024-08-20,3833
2024-08-21,4450
2024-08-22,3813
2024-08-23,6034
2024-08-24,6078
2024-08-25,14088
2024-08-26,14587
2024-08-27,10839
2024-08-28,6136
2024-08-29,5021
2024-08-30,5540
2024-08-31,8741
2024-09-01,18664
2024-09-02,9964
2024-09-03,6564
2024-09-04,5122
2024-09-05,5250
2024-09-06,4874
2024-09-07,4656
2024-09-08,4889
2024-09-09,4582
2024-09-10,4994
2024-09-11,4506
2024-09-12,4898
2024-09-13,5474
2024-09-14,7455
2024-09-15,19637
2024-09-16,9899
2024-09-17,6271
2024-09-18,5362
2024-09-19,5622
2024-09-20,6809
2024-09-21,8478
2024-09-22,19628
2024-09-23,10572
2024-09-24,7199
2024-09-25,5930
2024-09-26,6209
2024-09-27,5626
2024-09-28,4675
2024-09-29,5028
2024-09-30,4849
2024-10-01,4546
2024-10-02,4382
2024-10-03,4274
2024-10-04,4247
2024-10-05,4313
2024-10-06,4452
2024-10-07,4530
2024-10-08,4265
2024-10-09,4129
2024-10-10,3693
2024-10-11,4005
2024-10-12,4080
2024-10-13,4207
2024-10-14,4600
2024-10-15,4160
2024-10-16,4155
2024-10-17,4132
2024-10-18,8748
2024-10-19,9717
2024-10-20,15493
2024-10-21,12028
2024-10-22,5750
2024-10-23,4746
2024-10-24,4722
2024-10-25,5182
2024-10-26,6512
2024-10-27,14538
2024-10-28,13588
2024-10-29,5990
2024-10-30,5281
2024-10-31,4811
2024-11-01,6679
2024-11-02,10683
2024-11-03,22495
2024-11-04,13401
2024-11-05,7029
2024-11-06,6564
2024-11-07,6087
2024-11-08,5087
2024-11-09,4812
2024-11-10,5486
2024-11-11,5412
2024-11-12,5621
2024-11-13,5200
2024-11-14,5021
2024-11-15,4836
2024-11-16,4718
2024-11-17,5303
2024-11-18,5420
2024-11-19,4638
2024-11-20,4644
2024-11-21,5160
2024-11-22,6533
2024-11-23,8786
2024-11-24,24799
2024-11-25,12968
2024-11-26,9513
2024-11-27,7753
2024-11-28,7220
2024-11-29,8299
2024-11-30,10904
2024-12-01,17828
2024-12-02,13565
2024-12-03,9418
2024-12-04,8291
2024-12-05,7762
2024-12-06,8895
2024-12-07,10436
2024-12-08,25970
2024-12-09,17092
2024-12-10,11019
2024-12-11,8647
2024-12-12,8449
2024-12-13,6847
2024-12-14,6817
2024-12-15,6493
2024-12-16,5783
2024-12-17,5764
2024-12-18,6749
2024-12-19,7882
2024-12-20,7071
2024-12-21,5327
2024-12-22,5277
2024-12-23,4827
2024-12-24,4612
2024-12-25,4450
2024-12-26,4260
2024-12-27,4338
2024-12-28,4874
2024-12-29,4528
2024-12-30,4380
2024-12-31,3894
2025-01-01,4882
2025-01-02,4825
2025-01-03,4629
2025-01-04,4318
2025-01-05,4587
2025-01-06,4460
2025-01-07,4397
2025-01-08,4706
2025-01-09,4582
2025-01-10,4408
2025-01-11,4016
2025-01-12,4449
2025-01-13,4446
2025-01-14,4198
2025-01-15,3888
2025-01-16,3929
2025-01-17,3869
2025-01-18,3533
2025-01-19,3748
2025-01-20,4668
2025-01-21,4682
2025-01-22,5110
2025-01-23,5096
2025-01-24,4603
2025-01-25,4126
2025-01-26,4379
2025-01-27,4260
2025-01-28,4281
2025-01-29,4187
2025-01-30,3900
2025-01-31,3736
2025-02-01,3602
2025-02-02,3745
2025-02-03,3738
2025-02-04,3829
2025-02-05,3957
2025-02-06,3511
2025-02-07,4050
2025-02-08,4000
2025-02-09,4453
2025-02-10,5129
2025-02-11,4294
2025-02-12,4198
2025-02-13,4211
2025-02-14,4001
2025-02-15,4055
2025-02-16,4838
2025-02-17,4738
2025-02-18,7729
2025-02-19,7884
2025-02-20,5302
2025-02-21,4570
2025-02-22,4546
2025-02-23,4835
2025-02-24,4864
2025-02-25,4709
2025-02-26,5634
2025-02-27,5660
2025-02-28,5194
2025-03-01,4731
2025-03-02,5493
2025-03-03,5073
2025-03-04,4710
2025-03-05,4613
2025-03-06,5058
2025-03-07,7626
2025-03-08,9017
2025-03-09,9807
2025-03-10,12482
2025-03-11,8942
2025-03-12,9143
2025-03-13,10413
2025-03-14,13831
2025-03-15,17971
2025-03-16,32963
2025-03-17,14722
2025-03-18,10551
2025-03-19,9329
2025-03-20,10547
2025-03-21,12527
2025-03-22,18874
2025-03-23,30201
2025-03-24,12768
2025-03-25,9224
2025-03-26,9909
2025-03-27,10442
2025-03-28,7975
2025-03-29,7299
2025-03-30,7471
2025-03-31,7229
2025-04-01,6310
2025-04-02,6104
2025-04-03,5896
2025-04-04,6808
2025-04-05,8968
2025-04-06,18182
2025-04-07,8445
2025-04-08,6439
2025-04-09,5795
2025-04-10,5846
2025-04-11,6263
2025-04-12,8531
2025-04-13,18418
2025-04-14,11598
2025-04-15,6913
2025-04-16,6077
2025-04-17,5623
2025-04-18,6479
2025-04-19,8894
2025-04-20,18083
2025-04-21,11600
2025-04-22,7379
2025-04-23,6124
2025-04-24,5634
2025-04-25,5919
2025-04-26,4779
2025-04-27,5278
2025-04-28,5046
2025-04-29,4987
2025-04-30,5203
2025-05-01,5068
2025-05-02,6592
2025-05-03,11171
2025-05-04,17061
2025-05-05,14846
2025-05-06,8372
2025-05-07,7978
2025-05-08,6070
2025-05-09,5405
2025-05-10,5559
2025-05-11,6009
2025-05-12,6343
2025-05-13,8026
2025-05-14,6236
2025-05-15,5516
2025-05-16,5846
2025-05-17,7903
2025-05-18,16148
2025-05-19,9253
2025-05-20,6566
2025-05-21,5812
2025-05-22,5752
2025-05-23,6312
2025-05-24,8487
2025-05-25,20404
2025-05-26,11662
2025-05-27,8024
2025-05-28,6793
2025-05-29,6449
2025-05-30,6777
2025-05-31,8225
2025-06-01,17036
2025-06-02,10363
2025-06-03,7030
2025-06-04,5971
2025-06-05,5565
2025-06-06,5332
2025-06-07,5524
2025-06-08,5743
2025-06-09,5466
2025-06-10,6059
2025-06-11,5289
2025-06-12,4916
2025-06-13,5246
2025-06-14,6811
2025-06-15,14194
2025-06-16,11421
2025-06-17,7053
2025-06-18,5888
2025-06-19,5776
2025-06-20,5456
2025-06-21,5382
2025-06-22,5565
2025-06-23,5774
2025-06-24,5855
2025-06-25,6373
2025-06-26,7897
2025-06-27,11345
2025-06-28,14573
2025-06-29,25972
2025-06-30,17892
2025-07-01,13264
2025-07-02,13452
2025-07-03,12089
2025-07-04,12834
2025-07-05,15668
2025-07-06,31421
2025-07-07,20210
2025-07-08,13609
2025-07-09,16595
2025-07-10,12494
2025-07-11,10944
2025-07-12,11251
2025-07-13,12427
2025-07-14,10671
2025-07-15,9366
2025-07-16,9192
2025-07-17,8136
2025-07-18,7744
2025-07-19,8266
2025-07-20,9058
2025-07-21,8364
2025-07-22,7511
2025-07-23,7106
2025-07-24,7158
2025-07-25,7937
2025-07-26,11409
2025-07-27,19623
2025-07-28,11674
2025-07-29,8308
2025-07-30,7547
2025-07-31,8241
2025-08-01,7518
2025-08-02,9218
2025-08-03,19655
2025-08-04,11196
2025-08-05,7638
2025-08-06,6643
2025-08-07,6061
2025-08-08,5781
2025-08-09,5808
2025-08-10,6434
2025-08-11,5941
2025-08-12,5131
2025-08-13,5022
2025-08-14,4693
2025-08-15,4691
2025-08-16,4634
2025-08-17,5107
2025-08-18,5014
2025-08-19,4637
2025-08-20,4682
2025-08-21,5513
2025-08-22,6469
2025-08-23,7839
2025-08-24,9078
2025-08-25,7825
2025-08-26,9563
2025-08-27,8524
2025-08-28,7279
2025-08-29,7155
2025-08-30,8938
2025-08-31,17742
2025-09-01,11683
2025-09-02,8496
2025-09-03,6921
2025-09-04,6829
2025-09-05,8298
2025-09-06,9698
2025-09-07,18163
2025-09-08,10964
2025-09-09,7329
2025-09-10,6351
2025-09-11,5807
2025-09-12,5584
2025-09-13,5890
2025-09-14,6200
2025-09-15,5727
2025-09-16,5589
2025-09-17,5349
2025-09-18,5316
2025-09-19,6032
2025-09-20,8559
2025-09-21,21103
2025-09-22,10229
2025-09-23,6759
2025-09-24,5812
2025-09-25,5374
2025-09-26,5443
2025-09-27,5529
2025-09-28,6026
2025-09-29,5689
2025-09-30,5151
2025-10-01,4862
2025-10-02,5284
2025-10-03,6279
2025-10-04,8454
2025-10-05,21951
2025-10-06,11318
2025-10-07,7108
2025-10-08,6104
2025-10-09,5623
2025-10-10,5220
2025-10-11,5991
2025-10-12,5922
2025-10-13,5509
2025-10-14,5017
2025-10-15,5316
2025-10-16,5361
2025-10-17,6622
2025-10-18,11718
2025-10-19,20679
2025-10-20,16320
2025-10-21,7930
2025-10-22,7081
2025-10-23,6103
2025-10-24,6467
2025-10-25,7703
2025-10-26,16479
2025-10-27,14295
2025-10-28,6516
2025-10-29,5561
2025-10-30,5033
2025-10-31,4869
2025-11-01,4883
2025-11-02,5516
2025-11-03,5323
2025-11-04,4881
2025-11-05,4895
2025-11-06,4966
2025-11-07,6206
2025-11-08,9417
2025-11-09,17499
2025-11-10,11639
2025-11-11,6640
2025-11-12,5805
2025-11-13,5685
2025-11-14,5687
2025-11-15,5092
2025-11-16,5413
2025-11-17,5184
2025-11-18,8504
2025-11-19,4693
2025-11-20,5639
2025-11-21,6079
2025-11-22,8162
2025-11-23,32349
2025-11-24,10900
2025-11-25,7197
2025-11-26,6183
2025-11-27,5864
2025-11-28,7197
2025-11-29,11631
